experiment_id,image,noise_type,noise_level,seed,method,mse,psnr,ssim,processing_time,params
camera_gaussian_10_seed42,camera,gaussian,10,42,noisy,98.25754125810936,28.207144684759427,0.6232092525633508,,{}
camera_gaussian_10_seed42,camera,gaussian,10,42,wavelet,45.275961000793465,31.57212683705947,0.7956177828585345,0.0028009000016027,"{""level"": 3, ""method"": ""bayes"", ""mode"": ""soft"", ""sigma"": 10, ""threshold_scale"": 1.0, ""wavelet"": ""db4""}"
camera_gaussian_10_seed42,camera,gaussian,10,42,shearlet,31.34767627678768,33.16875007649234,0.8791919783513994,0.2376134000005549,"{""factor"": 3.0, ""mode"": ""hard"", ""scales"": 3, ""sigma"": 10}"
camera_gaussian_20_seed42,camera,gaussian,20,42,noisy,376.1959735718336,22.37666217885588,0.383427621921765,,{}
camera_gaussian_20_seed42,camera,gaussian,20,42,wavelet,103.21719632655892,27.993283026505573,0.6833740521495613,0.0025476999981037,"{""level"": 3, ""method"": ""bayes"", ""mode"": ""soft"", ""sigma"": 20, ""threshold_scale"": 1.0, ""wavelet"": ""db4""}"
camera_gaussian_20_seed42,camera,gaussian,20,42,shearlet,64.30109851344238,30.048619684374497,0.792293061342137,0.2386402000011003,"{""factor"": 3.0, ""mode"": ""hard"", ""scales"": 3, ""sigma"": 20}"
camera_gaussian_30_seed42,camera,gaussian,30,42,noisy,798.894893135851,19.105907158890645,0.2734467810475657,,{}
camera_gaussian_30_seed42,camera,gaussian,30,42,wavelet,160.0779810437288,26.08748762670397,0.6246630564214423,0.003142099998513,"{""level"": 3, ""method"": ""bayes"", ""mode"": ""soft"", ""sigma"": 30, ""threshold_scale"": 1.0, ""wavelet"": ""db4""}"
camera_gaussian_30_seed42,camera,gaussian,30,42,shearlet,97.79463037316825,28.22765351308565,0.729270345642818,0.2419320000008156,"{""factor"": 3.0, ""mode"": ""hard"", ""scales"": 3, ""sigma"": 30}"
moon_gaussian_10_seed42,moon,gaussian,10,42,noisy,100.48705959751184,28.10970222566507,0.4644195242607417,,{}
moon_gaussian_10_seed42,moon,gaussian,10,42,wavelet,13.426022582473372,36.85132987538201,0.89657364223811,0.0027358000006643,"{""level"": 3, ""method"": ""bayes"", ""mode"": ""soft"", ""sigma"": 10, ""threshold_scale"": 1.0, ""wavelet"": ""db4""}"
moon_gaussian_10_seed42,moon,gaussian,10,42,shearlet,11.038832462426182,37.70157218809828,0.913533260664666,0.2351134999989881,"{""factor"": 3.0, ""mode"": ""hard"", ""scales"": 3, ""sigma"": 10}"
moon_gaussian_20_seed42,moon,gaussian,20,42,noisy,401.5583091060432,22.09331744044375,0.198956155682082,,{}
moon_gaussian_20_seed42,moon,gaussian,20,42,wavelet,25.04633635336585,34.14336152336509,0.8517266301914432,0.0027059000021836,"{""level"": 3, ""method"": ""bayes"", ""mode"": ""soft"", ""sigma"": 20, ""threshold_scale"": 1.0, ""wavelet"": ""db4""}"
moon_gaussian_20_seed42,moon,gaussian,20,42,shearlet,22.13940081901966,34.679144979166566,0.8571615678726616,0.2353225000006205,"{""factor"": 3.0, ""mode"": ""hard"", ""scales"": 3, ""sigma"": 20}"
moon_gaussian_30_seed42,moon,gaussian,30,42,noisy,902.1955322276012,18.57779688775365,0.1083496509537101,,{}
moon_gaussian_30_seed42,moon,gaussian,30,42,wavelet,37.079094956448046,32.439512357249384,0.8143206902173084,0.0029023999995843,"{""level"": 3, ""method"": ""bayes"", ""mode"": ""soft"", ""sigma"": 30, ""threshold_scale"": 1.0, ""wavelet"": ""db4""}"
moon_gaussian_30_seed42,moon,gaussian,30,42,shearlet,36.37756946317383,32.522466821930664,0.7941164979356432,0.2386704999989888,"{""factor"": 3.0, ""mode"": ""hard"", ""scales"": 3, ""sigma"": 30}"
coins_gaussian_10_seed42,coins,gaussian,10,42,noisy,100.41475918650902,28.11282809790292,0.7007500257757288,,{}
coins_gaussian_10_seed42,coins,gaussian,10,42,wavelet,54.87131783162813,30.73734970197412,0.8223136930329858,0.0030182999980752,"{""level"": 3, ""method"": ""bayes"", ""mode"": ""soft"", ""sigma"": 10, ""threshold_scale"": 1.0, ""wavelet"": ""db4""}"
coins_gaussian_10_seed42,coins,gaussian,10,42,shearlet,40.713361467116975,32.03343399821059,0.8918160643596389,0.2461263000004692,"{""factor"": 3.0, ""mode"": ""hard"", ""scales"": 3, ""sigma"": 10}"
coins_gaussian_20_seed42,coins,gaussian,20,42,noisy,392.261710612076,22.19504442953648,0.4845023544240519,,{}
coins_gaussian_20_seed42,coins,gaussian,20,42,wavelet,136.89744680556376,26.766850124314733,0.706965642151934,0.0025984000021708,"{""level"": 3, ""method"": ""bayes"", ""mode"": ""soft"", ""sigma"": 20, ""threshold_scale"": 1.0, ""wavelet"": ""db4""}"
coins_gaussian_20_seed42,coins,gaussian,20,42,shearlet,91.0125224648531,28.53979209610229,0.8127578101297713,0.2454741999972611,"{""factor"": 3.0, ""mode"": ""hard"", ""scales"": 3, ""sigma"": 20}"
coins_gaussian_30_seed42,coins,gaussian,30,42,noisy,843.2229763201767,18.871379290891948,0.37041256615810203,,{}
coins_gaussian_30_seed42,coins,gaussian,30,42,wavelet,213.26681069319176,24.84157086545155,0.6345643449147238,0.003654399999504676,"{""level"": 3, ""method"": ""bayes"", ""mode"": ""soft"", ""sigma"": 30, ""threshold_scale"": 1.0, ""wavelet"": ""db4""}"
coins_gaussian_30_seed42,coins,gaussian,30,42,shearlet,142.88857480759842,26.580828563343438,0.7433298221308139,0.24181709999902523,"{""factor"": 3.0, ""mode"": ""hard"", ""scales"": 3, ""sigma"": 30}"
